
/*Insert 300 persons*/
INSERT INTO person (person_number,first_name,last_name,address,zip,city) 
VALUES
  ('196909181806','Echo','Hays','741-5425 Nunc Rd.','54487','Davenport'),
  ('198702202044','Kelly','Santiago','Ap #956-8028 Ullamcorper. Street','99108','Flint'),
  ('199104292927','Gisela','White','Ap #337-9519 Non, Rd.','31056','Boston'),
  ('196004020228','Dillon','Campbell','Ap #311-413 Fusce Road','72216','Phoenix'),
  ('198105272759','Natalie','Flynn','Ap #192-4184 Vulputate St.','72516','West Jordan'),
  ('199607161607','Tiger','Cannon','143-1258 Mauris. Street','54442','St. Petersburg'),
  ('199508252547','Jared','Wilkerson','398-5307 Blandit Road','33796','West Jordan'),
  ('197506303042','Kirby','Lamb','744-4625 Tellus St.','13142','Minneapolis'),
  ('199410313102','Lawrence','Robles','453-3580 Pellentesque Road','85248','Grand Island'),
  ('200110030338','Trevor','Ewing','867 Sed St.','31310','Lexington'),
  ('197212020221','Cecilia','Dennis','Ap #191-275 Mauris Road','78911','North Las Vegas'),
  ('198712080857','Vivien','Olsen','828-7162 Gravida. St.','63026','Columbia'),
  ('197703292952','Ira','Holcomb','P.O. Box 127, 2222 Neque Av.','40318','Juneau'),
  ('197808191944','Reagan','Hays','495-3684 Est Street','68398','Philadelphia'),
  ('198103272740','Andrew','Forbes','Ap #291-234 Ultricies Rd.','25312','Harrisburg'),
  ('199409090950','Lucy','Henderson','P.O. Box 487, 4245 Sagittis Avenue','95083','Wilmington'),
  ('199211161606','Warren','Hull','823-9300 Pharetra, Rd.','95233','Chesapeake'),
  ('200210232355','Justin','Downs','3428 Ultrices Rd.','44348','Carson City'),
  ('197301131325','Ezra','Orr','659-4858 Vitae St.','57742','Columbus'),
  ('199502030329','Piper','Finley','Ap #104-4123 Ipsum Ave','34769','Lawton'),
  ('196912141404','Kylan','Lang','114-9872 Curabitur Street','33755','Frankfort'),
  ('196409303007','Camille','Frank','977-3349 Sodales. Av.','71973','Dover'),
  ('198906070705','Vaughan','Ford','552-9998 Laoreet St.','47553','Philadelphia'),
  ('199106080805','Jamalia','Carney','Ap #198-6689 Felis Rd.','52124','Gulfport'),
  ('197705171705','Simone','Marsh','Ap #277-8320 Cras Ave','03707','Southaven'),
  ('197501191902','Mohammad','Mack','Ap #454-8689 Lorem Avenue','61422','Meridian'),
  ('198505101015','Oren','Montgomery','584-6841 Tempor Av.','21354','Gulfport'),
  ('199601101052','Chloe','Thomas','P.O. Box 659, 1642 Donec Rd.','42707','Phoenix'),
  ('198410212154','Genevieve','Merrill','P.O. Box 402, 2399 Rutrum. Rd.','66561','Gillette'),
  ('197707070740','Sacha','Horton','227-1878 Quam Av.','06139','Erie'),
  ('198607020254','Lester','Bonner','Ap #845-9412 Fames Rd.','84268','Gresham'),
  ('197106191931','Kitra','Landry','Ap #620-1945 Nec, Ave','66238','Dallas'),
  ('196207212119','Malik','Roberts','9902 Rutrum Road','71564','Salem'),
  ('197102060609','Eve','Garcia','P.O. Box 242, 271 Lacus, St.','43026','Biloxi'),
  ('199411060636','Glenna','Garza','Ap #967-7998 Nec Av.','54573','Jonesboro'),
  ('198709090937','Whilemina','Strong','7625 Ac, St.','26383','Detroit'),
  ('197506040401','Elizabeth','Mccarty','Ap #822-7243 Neque Ave','25814','Southaven'),
  ('199003101035','Carolyn','Little','618 Cursus Street','69465','Houston'),
  ('198512252502','Aiko','Barry','1656 Nulla St.','16063','Ketchikan'),
  ('197903212147','Galvin','Wiley','Ap #127-7340 Dui, Road','22516','Seattle'),
  ('196006232303','Gemma','Walker','206-3150 Nonummy. Rd.','15425','Lexington'),
  ('197605111150','Deacon','Baxter','Ap #272-3212 Rutrum St.','77681','Auburn'),
  ('198906222237','Drake','Matthews','954-6601 Luctus Ave','85032','Tulsa'),
  ('199102060625','Micah','Campos','698-1920 Velit. Road','00546','Montgomery'),
  ('197206202050','Martin','Valentine','Ap #254-4847 Interdum. Ave','23893','Tacoma'),
  ('196501171720','Lani','Whitfield','7028 Fermentum Street','10481','Pocatello'),
  ('198604222222','Isabelle','Santiago','Ap #528-275 Iaculis Avenue','15744','Harrisburg'),
  ('199802020246','Kristen','Bennett','P.O. Box 356, 1543 Curae Rd.','47731','Pocatello'),
  ('199708272706','Shay','Gallegos','365-1223 Enim. Avenue','89227','Augusta'),
  ('198307040419','Yuri','Webster','883-614 Et St.','56442','Worcester'),
  ('197406050506','Kiara','Lamb','4999 Molestie Road','04078','Tucson'),
  ('199204191902','Nolan','Jackson','Ap #775-6587 Mauris. Av.','40359','Lewiston'),
  ('197611252506','Donovan','Gaines','P.O. Box 563, 9195 Vel Av.','96498','Jonesboro'),
  ('197805161609','Dieter','Barry','315-9287 Orci. Av.','16336','Worcester'),
  ('200209131328','Echo','Keller','P.O. Box 865, 3908 Elit, Ave','56392','Flint'),
  ('196709101025','Kevin','Mercer','918-7266 Dui St.','57222','Columbus'),
  ('197006161601','John','Watts','411-3730 Lorem St.','14131','Erie'),
  ('197104303025','William','Mccullough','P.O. Box 472, 4309 Urna Av.','25788','Wyoming'),
  ('196411141429','Chloe','Glass','P.O. Box 719, 5295 Mi Av.','62153','Waterbury'),
  ('199410282819','Sigourney','Donovan','8381 Pharetra Avenue','90969','Chattanooga'),
  ('197910212141','Cameran','Osborne','260-6525 Eu Av.','55489','Springfield'),
  ('197601010136','Mia','Collier','Ap #335-8587 Massa Avenue','68789','Lakewood'),
  ('199508303005','Kevyn','Becker','Ap #432-8220 Tempus St.','20607','Shreveport'),
  ('199710151531','Suki','Manning','P.O. Box 872, 9638 Eleifend Rd.','88547','Bellevue'),
  ('197104161615','Cadman','Combs','275-9378 Semper Road','63668','Hartford'),
  ('196506040408','Miriam','Holman','Ap #848-6314 Tellus St.','09668','Wichita'),
  ('198604242406','Kadeem','Haney','P.O. Box 842, 6727 Eget St.','96337','Reading'),
  ('196010282804','Bevis','Pollard','P.O. Box 255, 4092 Dictum. Rd.','46241','Fairbanks'),
  ('197002010152','Ira','Spencer','352-259 Habitant Street','71418','College'),
  ('199207262656','Jenette','Jimenez','Ap #900-2108 Faucibus Rd.','61224','Gulfport'),
  ('196801111116','Kimberly','Sheppard','Ap #823-8201 In Avenue','17773','New Orleans'),
  ('198110252514','Kameko','Shannon','Ap #870-4193 Nostra, St.','72352','Detroit'),
  ('197904161609','Darrel','Moody','Ap #691-6822 Donec St.','51316','Davenport'),
  ('198103101017','Kibo','Snider','838-4933 Auctor, Avenue','12328','Augusta'),
  ('198101262608','Joel','Witt','1415 Rutrum Ave','91518','Oklahoma City'),
  ('198501262635','Justina','Hull','Ap #382-7358 Torquent St.','72862','Provo'),
  ('196102010143','Phillip','Whitaker','149 Eget Av.','58457','Grand Rapids'),
  ('197901121208','Desiree','Castro','871-2113 Lectus Street','11726','Gillette'),
  ('197110141406','Callum','Riley','2325 In Rd.','82134','Dover'),
  ('199608191946','Katell','Padilla','8879 Suscipit, Street','24016','Las Vegas'),
  ('199010282813','Jescie','Glass','881-6883 Imperdiet St.','37646','Independence'),
  ('197802242450','Raphael','Mcgee','555-5842 A, Avenue','18471','Springdale'),
  ('198301242409','Aphrodite','Randall','8601 Eget, Ave','47909','Hartford'),
  ('199607232329','Matthew','Cummings','Ap #694-5216 Dictum Street','92808','Huntsville'),
  ('196407080814','Petra','Dawson','Ap #223-2283 Diam. Rd.','31557','Boston'),
  ('197112191959','Nora','Norton','Ap #198-5750 Purus. Road','68573','Overland Park'),
  ('197711292944','Paula','Clay','Ap #891-1478 A, St.','43575','Detroit'),
  ('196601121201','Zia','Carey','Ap #213-9346 Posuere Rd.','27167','Bear'),
  ('198407030339','Alexis','King','Ap #283-6364 Pede Ave','66250','Fresno'),
  ('197504020210','Aurora','Riddle','P.O. Box 713, 7043 Ullamcorper Rd.','27732','Waterbury'),
  ('200004232325','Fredericka','Davis','Ap #817-2259 Aenean Street','91370','Grand Island'),
  ('200010191949','Desirae','Middleton','262 Arcu Av.','56816','Montgomery'),
  ('196703171700','Gretchen','Bass','450-8222 Suspendisse Av.','51264','Independence'),
  ('197607070757','Yoshio','Barrera','Ap #245-1681 Ultricies Av.','00580','Mobile'),
  ('197407111137','Charles','Wallace','Ap #957-9749 Venenatis Rd.','52094','Salt Lake City'),
  ('197904050531','Jaquelyn','Wilcox','Ap #448-6929 Primis Road','67181','Worcester'),
  ('199005050549','Phillip','Stephenson','Ap #449-2147 Sit Street','58948','Indianapolis'),
  ('196706070730','Fulton','Weaver','791-2328 Mattis. Avenue','08714','Memphis'),
  ('199101040406','Roth','Kidd','3402 Aliquam Ave','25157','Flint'),
  ('198908202054','Calista','Wagner','P.O. Box 962, 9587 Non, Road','61072','Owensboro'),
  ('196306262618','Stacy','Fleming','Ap #836-6784 Diam. St.','31946','Kaneohe'),
  ('197503040457','Brock','Burgess','P.O. Box 749, 8213 Quis Avenue','83024','Eugene'),
  ('198603181828','Pandora','Lamb','P.O. Box 620, 2139 Malesuada Avenue','52353','Augusta'),
  ('198805272755','Jackson','Jenkins','204-2863 Auctor. Road','32559','Harrisburg'),
  ('199909101008','Colin','Craig','Ap #481-7345 Donec Rd.','32881','Lexington'),
  ('196205292930','Amena','Webster','Ap #197-7028 Semper St.','22816','College'),
  ('199611080832','Jayme','Parsons','516-7699 Amet, St.','38841','Dover'),
  ('197602151528','Adena','Kirkland','P.O. Box 626, 5054 Urna. Road','08551','Las Vegas'),
  ('196710151528','Emily','Nichols','412-5608 Nunc Rd.','92665','Green Bay'),
  ('197712313153','Mara','O''connor','P.O. Box 194, 1904 Donec Ave','45157','Tacoma'),
  ('196801151549','Tamara','Deleon','731-6220 Ligula Road','99553','Independence'),
  ('197108090949','Kylie','Hamilton','625-7334 Urna. Rd.','29090','Birmingham'),
  ('197307030316','Phillip','Schmidt','Ap #743-5163 Donec Rd.','16856','Augusta'),
  ('196704080809','Channing','Robinson','P.O. Box 612, 7892 In, Avenue','31285','Bloomington'),
  ('199901212102','Xandra','Snyder','Ap #856-3594 Montes, St.','76803','West Jordan'),
  ('199904020209','Zelenia','Gregory','307-309 Suspendisse Ave','40233','Cincinnati'),
  ('196001161619','William','Beard','8111 Blandit Street','56704','Bloomington'),
  ('199406232318','Quail','Griffin','299-383 Adipiscing St.','31811','Louisville'),
  ('198207050550','Rogan','Murphy','Ap #238-3589 Quam Rd.','22025','Auburn'),
  ('199412070759','Gray','Webb','606-5699 Mollis Rd.','54166','Knoxville'),
  ('199408080801','Emerald','Small','Ap #716-8998 Orci. Road','83445','Bangor'),
  ('199810202049','Hope','Walls','698-4560 Nulla Av.','37512','Kansas City'),
  ('199811292936','Levi','Taylor','278-2573 Lobortis Street','53700','Rock Springs'),
  ('198402181839','Emerald','Tate','5112 A St.','52801','Bellevue'),
  ('196102090958','Burton','Macdonald','Ap #503-3180 Faucibus Rd.','42551','Orlando'),
  ('200110141444','Forrest','Coffey','Ap #147-1181 Tempus St.','61504','Sandy'),
  ('200207030329','Gay','Foley','P.O. Box 291, 6367 Ipsum St.','45353','Knoxville'),
  ('196701303000','Quon','Glover','Ap #359-3358 Sapien St.','89871','Saint Louis'),
  ('196906111149','Gary','Pratt','985-8002 Quisque Rd.','24582','Tallahassee'),
  ('199307171731','Basil','Lloyd','8837 Duis Rd.','70485','Helena'),
  ('198410030338','Quin','Dominguez','Ap #453-3325 Semper St.','38274','Lawton'),
  ('198406202042','Elmo','Wilkins','116-8584 Venenatis Rd.','78428','Grand Island'),
  ('198410292911','Marcia','Shaffer','145-2708 Ante Road','74025','Orlando'),
  ('196605010153','Nina','Hammond','989-9923 Odio Street','73960','Madison'),
  ('199106303017','Sandra','Holmes','423-1963 Euismod Av.','93437','Bear'),
  ('198006101024','Chanda','Kelley','P.O. Box 553, 4410 Eget Avenue','58463','Evansville'),
  ('197209191916','Jessamine','Russo','197-3797 Ipsum Rd.','75335','Mobile'),
  ('199609171716','Kellie','Shepherd','4137 Molestie. Rd.','34374','Mesa'),
  ('198412050517','Renee','Chen','158-6946 Ipsum Rd.','58430','Clarksville'),
  ('197102010146','Conan','Salazar','Ap #272-9014 Nullam Av.','71986','Saint Paul'),
  ('198908111159','Ifeoma','Owens','Ap #703-3327 Tincidunt, Ave','73084','Clarksville'),
  ('196312141440','Georgia','Brooks','P.O. Box 423, 9936 Ultricies Ave','56525','Kansas City'),
  ('200006171750','Wesley','Fulton','Ap #319-9587 Maecenas St.','45453','Joliet'),
  ('199208171740','Michelle','Carney','551-9774 Ac Rd.','16993','Great Falls'),
  ('196510151536','Carter','Lester','833-9704 Malesuada Street','34405','Tampa'),
  ('196003121258','Roth','Madden','Ap #240-5955 Enim. St.','84803','Cheyenne'),
  ('196407222241','Jerry','Pierce','738-1084 Fringilla Avenue','63879','Norfolk'),
  ('196505030304','Xantha','Head','Ap #701-8885 Nonummy Av.','93190','Auburn'),
  ('197702040412','Quin','Rowland','Ap #461-724 Dui, Rd.','67427','Overland Park'),
  ('196307080812','Kirby','Coleman','Ap #496-2631 Massa Road','58423','Cincinnati'),
  ('200007282829','Dorian','Raymond','Ap #500-2828 Dictum St.','29927','Dallas'),
  ('197712161634','Neil','Ewing','Ap #667-5211 Diam Rd.','22663','Worcester'),
  ('197606222230','Angela','Garrett','2638 Pede Ave','60365','Dover'),
  ('198701030325','Chadwick','Patrick','126-9149 Suspendisse St.','57871','Duluth'),
  ('198805242412','Maia','Pollard','P.O. Box 690, 890 Sed Street','14428','Reno'),
  ('197207282827','Hall','Cummings','Ap #305-3169 Cursus Street','69850','Newark'),
  ('199104050519','Ursula','Gallegos','Ap #174-8416 Sed Av.','54125','Norfolk'),
  ('199304101054','Kalia','Maynard','477-1622 Donec Ave','96757','Missoula'),
  ('196109272719','Florence','Medina','810-9260 Sociis Avenue','78644','Grand Island'),
  ('198507272733','Serina','Gallagher','Ap #905-4138 Vulputate St.','16799','Ketchikan'),
  ('197009080858','Hector','Delaney','299-9404 Euismod Rd.','33176','Sterling Heights'),
  ('198401242418','Caldwell','Rasmussen','P.O. Box 737, 3976 Magna. Rd.','79008','Virginia Beach'),
  ('196205030307','Hadley','Mcintosh','Ap #291-8177 Purus, Av.','72199','Kenosha'),
  ('200210282812','Amery','Cooper','675-7653 Diam. Av.','44684','Fayetteville'),
  ('196611080820','Quail','Wise','7972 Fusce St.','67270','Metairie'),
  ('199305262603','Roanna','Doyle','Ap #725-7642 Nec Avenue','45782','Sacramento'),
  ('198701212122','Gage','Vazquez','373-1536 Dui Rd.','63636','Bozeman'),
  ('196105101015','Rana','Rios','2975 Duis St.','62753','Kansas City'),
  ('196611303056','Tyler','Spencer','P.O. Box 612, 4850 Lorem, Street','31077','Bozeman'),
  ('197012181807','Dieter','Bell','Ap #139-5451 Euismod Ave','49721','Duluth'),
  ('197204242402','Tucker','Farrell','P.O. Box 342, 7669 Velit. Street','38131','Glendale'),
  ('199308121228','Brenna','Harper','P.O. Box 720, 5794 Sem Av.','76604','Fort Smith'),
  ('199705020217','Norman','Sweeney','502-1749 Et Rd.','88371','Jonesboro'),
  ('198809222249','Ariel','Erickson','3446 Varius. Road','51129','Pocatello'),
  ('196302151509','Gage','Bray','Ap #281-4983 Sagittis St.','23791','Rockford'),
  ('196604292914','Brock','Best','P.O. Box 484, 6603 Montes, St.','82126','Waterbury'),
  ('198404303042','Anjolie','Webster','878-5384 Duis St.','81435','Fort Worth'),
  ('196609010130','Griffin','Medina','Ap #649-4068 A Road','66653','Bridgeport'),
  ('196209292910','Len','Mills','8777 Imperdiet Ave','63807','Newport News'),
  ('196301050511','Libby','Chaney','355-2058 Dolor. Avenue','57263','Savannah'),
  ('196806040421','Darryl','Taylor','844-8900 Odio Rd.','83450','Carson City'),
  ('199811161642','Hamish','Cash','301-3670 Rutrum St.','11718','Columbus'),
  ('197802151520','Caryn','Steele','5638 Est Road','21583','Overland Park'),
  ('197509262603','Jermaine','Rasmussen','Ap #904-9661 Tortor Avenue','88292','Salt Lake City'),
  ('198208060659','Kirk','Wilkerson','590-9823 Feugiat St.','22314','West Jordan'),
  ('199106010103','Beverly','Petty','850-7660 Turpis Street','78543','South Bend'),
  ('198112262609','Zane','Murphy','Ap #797-2519 Donec Av.','62315','Cincinnati'),
  ('196604303001','Lacey','Reeves','8008 Malesuada St.','38701','Davenport'),
  ('199001151531','Nicole','Becker','4129 Ipsum St.','22915','Fairbanks'),
  ('199008020251','Lars','Maddox','Ap #670-1403 Dui, Road','44315','Wyoming'),
  ('198902020254','Bradley','Horn','P.O. Box 844, 4439 Morbi Road','96246','Grand Rapids'),
  ('198007151546','MacKensie','Salas','Ap #609-1000 Mauris Rd.','31312','Akron'),
  ('197301282824','Bethany','Greer','Ap #589-6997 Enim, St.','83085','Honolulu'),
  ('196509222221','Jordan','Copeland','5843 Vehicula. Street','05103','Pike Creek'),
  ('200211030337','Beau','Kelly','P.O. Box 422, 9435 Nam Road','85511','Lafayette'),
  ('197203020246','Kimberley','Lloyd','193 Vitae Rd.','09054','Augusta'),
  ('199507252527','Callum','Osborne','475-6352 Parturient Rd.','21605','South Burlington'),
  ('199606040429','Bianca','Mosley','Ap #698-7903 Vestibulum Avenue','75793','New Orleans'),
  ('197011262643','Quinn','Guthrie','539-124 Ac Ave','78689','Pike Creek'),
  ('199612030346','Rana','Solomon','815-9627 Placerat, Street','51646','Helena'),
  ('196602020206','Anika','Fields','192-6749 Integer St.','18852','Duluth'),
  ('196207070732','Alea','Waters','977-221 Integer Rd.','11421','Ketchikan'),
  ('199508202011','Aristotle','Pate','517-5607 Orci, Ave','52208','Hattiesburg'),
  ('198002262610','Rama','Gamble','636-7242 Luctus Ave','88584','Portland'),
  ('197605272701','Justina','Gross','5757 Orci St.','22394','Harrisburg'),
  ('197405161624','Cheyenne','Clements','Ap #517-5618 Molestie Rd.','78158','Burlington'),
  ('197406080857','Jackson','Franklin','409-6487 Porttitor Ave','15526','Flint'),
  ('198309262654','Jarrod','Mccall','971-1083 A, Road','56610','Columbus'),
  ('197609030301','Leah','Townsend','178-4028 Scelerisque, Av.','14652','Essex'),
  ('199709303029','Ciara','William','9886 Urna. Rd.','16628','Fairbanks'),
  ('200201141407','Chanda','Pacheco','4838 Porttitor St.','17701','Springfield'),
  ('197212111102','Yoshio','Harding','Ap #888-6861 Laoreet, Rd.','50732','South Bend'),
  ('197003050517','Britanni','Compton','881-8378 Amet, St.','35460','Richmond'),
  ('198907202048','Dante','Velazquez','354-1078 Pharetra Rd.','67396','Tampa'),
  ('199206090953','Zorita','Long','8451 Leo. St.','94475','Meridian'),
  ('198910171757','Cally','Wilkins','807-836 Quisque Av.','32272','Columbus'),
  ('197001050557','Timothy','Reynolds','Ap #223-763 Orci Ave','16068','Norfolk'),
  ('196212040456','Ashton','Hunter','913-1241 Ridiculus Ave','35540','Tallahassee'),
  ('196610151528','Lesley','Huffman','Ap #863-1173 Mattis Road','12858','Juneau'),
  ('198601191947','Anastasia','Stephens','171-7262 Nisl. Avenue','06221','Rockford'),
  ('197703121248','Roth','Bright','3039 Nullam Rd.','88553','Minneapolis'),
  ('196408272751','Rogan','Holcomb','9578 Vel, St.','70944','Fort Worth'),
  ('199303111157','Ryder','Franco','790-7943 Quis Ave','64478','Lansing'),
  ('198509303022','Macon','Galloway','834-308 Placerat, Av.','14738','Fort Wayne'),
  ('200004131332','Len','Dyer','Ap #342-1583 Duis Rd.','38657','Tuscaloosa'),
  ('198504131317','Dylan','Henry','917-6202 Aliquet Rd.','25814','Virginia Beach'),
  ('197606111156','Hayley','Duran','Ap #564-2098 Dolor Rd.','15559','Clarksville'),
  ('199610090914','Orla','Palmer','Ap #751-6770 Penatibus Ave','45265','Lincoln'),
  ('199012101003','Rashad','Boyer','689-323 Nec Av.','34383','Chattanooga'),
  ('199708212111','Eagan','Sharp','Ap #603-1975 Ultricies St.','36602','Omaha'),
  ('197509303008','Rinah','Dale','197-9623 Aliquet Av.','57613','Indianapolis'),
  ('199811080816','Lesley','Acevedo','P.O. Box 722, 150 Nisl. St.','74266','Nashville'),
  ('200007202029','Michelle','Trevino','1413 Nulla St.','16175','Pittsburgh'),
  ('196805262634','Amaya','Gallegos','P.O. Box 268, 1299 Imperdiet, St.','01165','Augusta'),
  ('198504060630','Jada','Nicholson','778-740 Non, St.','65622','Georgia'),
  ('197103060627','Dacey','Mcfadden','176-6088 Orci, Rd.','63852','Virginia Beach'),
  ('198810141410','Keith','Gould','261-7694 Nunc Av.','35650','Independence'),
  ('197901151542','Olivia','Reilly','Ap #838-5356 Mauris St.','87641','Wyoming'),
  ('197907242429','Bree','Coleman','Ap #308-4901 Nullam Avenue','11834','Worcester'),
  ('199606212113','Haviva','Dalton','3033 Donec Road','38642','Colorado Springs'),
  ('197205212125','Louis','Nielsen','Ap #237-6401 Eu, St.','45536','Erie'),
  ('200008313143','Louis','Bridges','118-1747 Nunc Street','71552','Bridgeport'),
  ('196202070738','Brian','Mendez','Ap #114-1880 Non St.','89936','Dover'),
  ('196011303009','Dawn','Rose','148-4242 Et, Rd.','00806','Gillette'),
  ('198312141414','Lee','Mcpherson','P.O. Box 664, 6945 Luctus, Rd.','29515','Annapolis'),
  ('196310222202','Martena','Herring','106-6344 At St.','41424','Biloxi'),
  ('199501171708','Hedda','Doyle','5677 Quis, Ave','34934','Columbus'),
  ('198507040456','Renee','Washington','856-9367 Donec St.','33667','Cleveland'),
  ('199510080810','Brenna','Guy','668-6664 Suspendisse Avenue','63212','Olympia'),
  ('198211141443','Gretchen','Schultz','767-6157 Nec Rd.','47247','Pittsburgh'),
  ('198301090907','Nomlanga','Buck','P.O. Box 680, 7480 Luctus Avenue','71740','Aurora'),
  ('196209050513','Wyoming','Meadows','276-6556 Mi Av.','89669','New Haven'),
  ('196301111122','Elliott','Levy','P.O. Box 921, 5836 Nulla St.','77861','Bloomington'),
  ('196811070736','Andrew','Cortez','881-294 Sit Rd.','06453','Austin'),
  ('200010050536','Jonas','Vazquez','Ap #922-2792 Nulla Street','71745','Topeka'),
  ('196910171717','Tyrone','Ortega','296-2096 Quis St.','16652','North Las Vegas'),
  ('196005040428','Griffin','Curry','P.O. Box 971, 7291 Tellus. Rd.','80583','Tacoma'),
  ('198505262638','Halee','Rodgers','499-5401 Ac, Ave','52540','Topeka'),
  ('197108181843','Lawrence','Petty','Ap #108-1587 Aenean Rd.','40431','Cincinnati'),
  ('196708282806','Cailin','Frost','P.O. Box 880, 8104 Duis Av.','83844','Springfield'),
  ('196903292923','Chaney','Maynard','Ap #461-6730 A St.','53441','Annapolis'),
  ('198310171709','Ali','Nicholson','P.O. Box 179, 3438 Proin Street','44857','Jackson'),
  ('199610232340','Aline','Pearson','8842 Eget, Rd.','37228','Saint Louis'),
  ('199104040448','Brian','Frost','Ap #220-3768 Nunc Ave','51251','Tallahassee'),
  ('198206151558','Barbara','Kemp','7346 Nulla St.','44894','Toledo'),
  ('196501181808','Inez','Barrera','Ap #690-193 Lobortis St.','78789','Rutland'),
  ('198103010126','Joel','Jacobs','690-2818 Libero Rd.','32978','Olathe'),
  ('197212131352','Oscar','Carney','4236 Egestas Road','13521','Aurora'),
  ('197704232347','Maxwell','Beck','6522 Porttitor Rd.','73961','Spokane'),
  ('200212020224','Eagan','Yates','7249 Habitant Av.','71216','Oklahoma City'),
  ('198802262601','Illiana','Forbes','214-234 Dignissim St.','77133','San Diego'),
  ('198601121220','Driscoll','Rojas','5258 Quis Rd.','92737','Portland'),
  ('198306121240','Regan','Zamora','7094 Nulla St.','36011','Columbia'),
  ('197702111144','Caesar','Hardy','Ap #501-5555 Commodo Avenue','68547','Rockville'),
  ('199607222224','Moana','Pierce','Ap #860-2854 In Road','19557','Racine'),
  ('199703151530','Tanek','Farley','231 Aliquam Street','95665','Gresham'),
  ('196306141444','Shaeleigh','Kerr','P.O. Box 991, 9782 Nunc Rd.','91987','Cambridge'),
  ('197506171723','Cole','Carson','5635 Commodo Street','64692','Sioux City'),
  ('197705090936','Lynn','Jacobson','388-8260 Eleifend St.','45734','Tuscaloosa'),
  ('196502282817','Patricia','Miranda','Ap #172-3137 Nascetur Rd.','76706','Pike Creek'),
  ('200112292956','Conan','Flowers','4834 Ullamcorper. Av.','22429','Denver'),
  ('200012010128','Giacomo','Mcleod','4873 Molestie St.','24744','Toledo'),
  ('196107141400','Karina','Fuller','536-7952 Sed Avenue','11684','Pike Creek'),
  ('197501040459','Winter','Puckett','P.O. Box 793, 4192 Arcu. Ave','78416','West Jordan'),
  ('199508151500','Burton','Snider','Ap #642-9387 Quam, Avenue','53046','Kansas City'),
  ('197401212157','Martina','Torres','1546 Nunc Av.','16385','Baltimore'),
  ('197006101009','Stacey','Vega','985 Lectus Av.','91301','Dover'),
  ('196503292927','Clinton','Riddle','114-4157 Nulla. Street','22084','Sandy'),
  ('196803030357','Lara','Winters','Ap #566-6545 Nec, Rd.','61253','Gaithersburg'),
  ('199804131349','Hyacinth','Cook','469-457 Dui. Rd.','77608','Tulsa'),
  ('197602090908','Rina','Castaneda','1155 Odio. Road','91341','Essex'),
  ('198810171715','Baker','Wynn','Ap #673-8979 Nibh Avenue','33383','Pocatello'),
  ('199910040454','Cassady','Noel','Ap #795-5149 Molestie Road','77254','San Jose'),
  ('196606101015','Rae','Rasmussen','976-2711 Nulla. Road','16026','Juneau'),
  ('198802131319','Deacon','Hyde','P.O. Box 929, 1062 Sed St.','48821','Kansas City'),
  ('200006303013','Jayme','Adkins','Ap #200-5226 In St.','95052','Fayetteville'),
  ('199511303012','Christopher','Morgan','Ap #306-9850 Nullam Rd.','73728','Little Rock'),
  ('198601232307','David','Sears','615-9846 Facilisis Av.','88247','Salem'),
  ('199906232327','Idona','Nielsen','3374 Dolor Avenue','14237','Madison'),
  ('197007212110','Velma','Hatfield','Ap #437-4038 Montes, Ave','73211','Indianapolis');

/*INSERT PHONE NUMBER*/
INSERT INTO phone_number (person_id,phone_number)
VALUES
  (1,'+46369279518'),
  (2,'+46297767247'),
  (3,'+46654948778'),
  (4,'+46536373227'),
  (5,'+46442771631'),
  (6,'+46487749858'),
  (7,'+46345584328'),
  (8,'+46539315263'),
  (9,'+46936587352'),
  (10,'+46174938932'),
  (11,'+46329313366'),
  (12,'+46153938868'),
  (13,'+46626445264'),
  (14,'+46146424675'),
  (15,'+46868144868'),
  (16,'+46844438881'),
  (17,'+46366868157'),
  (18,'+46781652443'),
  (19,'+46266989842'),
  (20,'+46498885342'),
  (21,'+46352629867'),
  (22,'+46468737484'),
  (23,'+46546674577'),
  (24,'+46784745294'),
  (25,'+46546293398'),
  (26,'+46967819466'),
  (27,'+46244176737'),
  (28,'+46865485837'),
  (29,'+46131451878'),
  (30,'+46642632639'),
  (31,'+46444386277'),
  (32,'+46688453367'),
  (33,'+46445594254'),
  (34,'+46199762826'),
  (35,'+46276715785'),
  (36,'+46822133665'),
  (37,'+46823288764'),
  (38,'+46788381727'),
  (39,'+46178348433'),
  (40,'+46486486539'),
  (41,'+46658147336'),
  (42,'+46756783162'),
  (43,'+46435594989'),
  (44,'+46763324742'),
  (45,'+46754223365'),
  (46,'+46836752123'),
  (47,'+46432592374'),
  (48,'+46458289627'),
  (49,'+46478468418'),
  (50,'+46852738443'),
  (51,'+46443321157'),
  (52,'+46354327863'),
  (53,'+46568764521'),
  (54,'+46728821727'),
  (55,'+46433726666'),
  (56,'+46682588118'),
  (57,'+46221378687'),
  (58,'+46231192837'),
  (59,'+46763841797'),
  (60,'+46665738746'),
  (61,'+46777539862'),
  (62,'+46237578359'),
  (63,'+46443224238'),
  (64,'+46259947344'),
  (65,'+46814755917'),
  (66,'+46921425382'),
  (67,'+46475553676'),
  (68,'+46822458287'),
  (69,'+46676268217'),
  (70,'+46476428544'),
  (71,'+46886467658'),
  (72,'+46472712632'),
  (73,'+46154759832'),
  (74,'+46859798322'),
  (75,'+46487658814'),
  (76,'+46434589984'),
  (77,'+46717274915'),
  (78,'+46854441665'),
  (79,'+46986551551'),
  (80,'+46112666355'),
  (81,'+46775523272'),
  (82,'+46575625762'),
  (83,'+46776453538'),
  (84,'+46748765967'),
  (85,'+46349798825'),
  (86,'+46347485352'),
  (87,'+46775279632'),
  (88,'+46758897757'),
  (89,'+46289368972'),
  (90,'+46324866447'),
  (91,'+46734155351'),
  (92,'+46764149685'),
  (93,'+46876492668'),
  (94,'+46426377684'),
  (95,'+46915444445'),
  (96,'+46634558855'),
  (97,'+46227842554'),
  (98,'+46967588476'),
  (99,'+46525861813'),
  (100,'+46966864385'),
  (101,'+46827796856'),
  (102,'+46831633875'),
  (103,'+46452892646'),
  (104,'+46537159438'),
  (105,'+46699929593'),
  (106,'+46723488445'),
  (107,'+46654949624'),
  (108,'+46643638616'),
  (109,'+46583363472'),
  (110,'+46824366253'),
  (111,'+46645236444'),
  (112,'+46147833631'),
  (113,'+46343645537'),
  (114,'+46238918676'),
  (115,'+46641728954'),
  (116,'+46468535352'),
  (117,'+46636928368'),
  (118,'+46496752435'),
  (119,'+46794812338'),
  (120,'+46222879368'),
  (121,'+46864933425'),
  (122,'+46622763376'),
  (123,'+46688694471'),
  (124,'+46876411837'),
  (125,'+46835457777'),
  (126,'+46534863988'),
  (127,'+46789533465'),
  (128,'+46185422227'),
  (129,'+46441176885'),
  (130,'+46282133884'),
  (131,'+46937967323'),
  (132,'+46324377154'),
  (133,'+46264693375'),
  (134,'+46462672985'),
  (135,'+46738846148'),
  (136,'+46682421277'),
  (137,'+46251922446'),
  (138,'+46864518168'),
  (139,'+46545852538'),
  (140,'+46645668935'),
  (141,'+46557882344'),
  (142,'+46275469239'),
  (143,'+46226865759'),
  (144,'+46828675148'),
  (145,'+46225235548'),
  (146,'+46762455424'),
  (147,'+46744278448'),
  (148,'+46467838855'),
  (149,'+46267522171'),
  (150,'+46877731876'),
  (151,'+46496687592'),
  (152,'+46658512644'),
  (153,'+46833816944'),
  (154,'+46265819615'),
  (155,'+46468988699'),
  (156,'+46867123239'),
  (157,'+46285836776'),
  (158,'+46226739987'),
  (159,'+46956958172'),
  (160,'+46874622455'),
  (161,'+46266228275'),
  (162,'+46247918255'),
  (163,'+46266537398'),
  (164,'+46642926424'),
  (165,'+46814331445'),
  (166,'+46221672374'),
  (167,'+46858834865'),
  (168,'+46862655917'),
  (169,'+46377526278'),
  (170,'+46356318842'),
  (171,'+46365435794'),
  (172,'+46485966593'),
  (173,'+46533534681'),
  (174,'+46782477782'),
  (175,'+46845772965'),
  (176,'+46224335866'),
  (177,'+46698855644'),
  (178,'+46224844847'),
  (179,'+46626534296'),
  (180,'+46264493278'),
  (181,'+46127315477'),
  (182,'+46647835857'),
  (183,'+46256632944'),
  (184,'+46683495147'),
  (185,'+46483311843'),
  (186,'+46623325224'),
  (187,'+46916483865'),
  (188,'+46694487656'),
  (189,'+46751838375'),
  (190,'+46559588582'),
  (191,'+46775742938'),
  (192,'+46776842573'),
  (193,'+46455345832'),
  (194,'+46881843217'),
  (195,'+46851827776'),
  (196,'+46696667482'),
  (197,'+46872588521'),
  (198,'+46334126875'),
  (199,'+46689775142'),
  (200,'+46195762573'),
  (201,'+46683467788'),
  (202,'+46253639856'),
  (203,'+46787336752'),
  (204,'+46248552416'),
  (205,'+46313335325'),
  (206,'+46131451824'),
  (207,'+46915313494'),
  (208,'+46823732835'),
  (209,'+46977553558'),
  (210,'+46584568952'),
  (211,'+46892793312'),
  (212,'+46375863768'),
  (213,'+46862116553'),
  (214,'+46426375633'),
  (215,'+46277516432'),
  (216,'+46749444464'),
  (217,'+46513588766'),
  (218,'+46446427383'),
  (219,'+46744942241'),
  (220,'+46535641258'),
  (221,'+46864445267'),
  (222,'+46427272526'),
  (223,'+46518657473'),
  (224,'+46495848437'),
  (225,'+46277126823'),
  (226,'+46458176529'),
  (227,'+46655682251'),
  (228,'+46477762134'),
  (229,'+46112827464'),
  (230,'+46324576582'),
  (231,'+46533318467'),
  (232,'+46223833626'),
  (233,'+46917611287'),
  (234,'+46423426322'),
  (235,'+46421364488'),
  (236,'+46673536331'),
  (237,'+46599577886'),
  (238,'+46778825534'),
  (239,'+46164495576'),
  (240,'+46392873982'),
  (241,'+46477484784'),
  (242,'+46865799234'),
  (243,'+46866746185'),
  (244,'+46277758524'),
  (245,'+46827952435'),
  (246,'+46375273546'),
  (247,'+46677432428'),
  (248,'+46744266487'),
  (249,'+46368732344'),
  (250,'+46896596368'),
  (251,'+46359453151'),
  (252,'+46868276689'),
  (253,'+46693355522'),
  (254,'+46491423118'),
  (255,'+46747888198'),
  (256,'+46838364497'),
  (257,'+46735337283'),
  (258,'+46244945181'),
  (259,'+46332521382'),
  (260,'+46578765845'),
  (261,'+46263672845'),
  (262,'+46267799338'),
  (263,'+46783272359'),
  (264,'+46898675676'),
  (265,'+46478381882'),
  (266,'+46643377788'),
  (267,'+46793587826'),
  (268,'+46285227648'),
  (269,'+46357356875'),
  (270,'+46592387322'),
  (271,'+46433866243'),
  (272,'+46233842613'),
  (273,'+46952857257'),
  (274,'+46353233739'),
  (275,'+46588324439'),
  (276,'+46236487632'),
  (277,'+46513138842'),
  (278,'+46537563336'),
  (279,'+46355848866'),
  (280,'+46918997178'),
  (281,'+46649884838'),
  (282,'+46559348178'),
  (283,'+46442151247'),
  (284,'+46555655683'),
  (285,'+46574249851'),
  (286,'+46125463772'),
  (287,'+46655568444'),
  (288,'+46236328726'),
  (289,'+46324366333'),
  (290,'+46934478846'),
  (291,'+46536428671'),
  (292,'+46916223357'),
  (293,'+46233147523'),
  (294,'+46617263177'),
  (295,'+46544393397'),
  (296,'+46572376685'),
  (297,'+46575867663'),
  (298,'+46769753278'),
  (299,'+46283244798'),
  (300,'+46334668692');

/*Insert emails*/

INSERT INTO email (person_id,email)
VALUES
  (1,'cras@google.com'),
  (2,'quis.arcu@google.com'),
  (3,'metus@google.com'),
  (4,'malesuada@google.com'),
  (5,'rhoncus.proin@google.com'),
  (6,'ante@google.com'),
  (7,'ligula@google.com'),
  (8,'sit@google.com'),
  (9,'sem.mollis.dui@google.com'),
  (10,'in.lorem@google.com'),
  (11,'risus@google.com'),
  (12,'dictum.augue.malesuada@google.com'),
  (13,'velit@google.com'),
  (14,'sem.vitae@google.com'),
  (15,'risus.donec.egestas@google.com'),
  (16,'tempus@google.com'),
  (17,'sed@google.com'),
  (18,'consectetuer.mauris@google.com'),
  (19,'accumsan.laoreet@google.com'),
  (20,'sed@google.com'),
  (21,'nonummy@google.com'),
  (22,'ut@google.com'),
  (23,'velit@google.com'),
  (24,'nulla.interdum@google.com'),
  (25,'mi.duis@google.com'),
  (26,'sed.facilisis@google.com'),
  (27,'cursus.integer@google.com'),
  (28,'quam.quis@google.com'),
  (29,'aliquam.vulputate.ullamcorper@google.com'),
  (30,'auctor.vitae.aliquet@google.com'),
  (31,'integer.sem@google.com'),
  (32,'ut.erat.sed@google.com'),
  (33,'nam.interdum@google.com'),
  (34,'donec.feugiat@google.com'),
  (35,'nulla@google.com'),
  (36,'tincidunt.dui@google.com'),
  (37,'metus.aliquam.erat@google.com'),
  (38,'mollis.phasellus.libero@google.com'),
  (39,'amet.ante@google.com'),
  (40,'diam.lorem.auctor@google.com'),
  (41,'felis.donec.tempor@google.com'),
  (42,'sodales.elit.erat@google.com'),
  (43,'a@google.com'),
  (44,'nisi.dictum.augue@google.com'),
  (45,'dignissim.magna@google.com'),
  (46,'sodales.purus.in@google.com'),
  (47,'morbi.quis.urna@google.com'),
  (48,'ut.nisi.a@google.com'),
  (49,'lorem.ac.risus@google.com'),
  (50,'dolor@google.com'),
  (51,'luctus.lobortis@google.com'),
  (52,'nisi.sem@google.com'),
  (53,'dui.cum.sociis@google.com'),
  (54,'vehicula.pellentesque@google.com'),
  (55,'lectus.pede.ultrices@google.com'),
  (56,'dignissim.tempor.arcu@google.com'),
  (57,'volutpat.nulla@google.com'),
  (58,'a.tortor.nunc@google.com'),
  (59,'interdum.sed@google.com'),
  (60,'imperdiet@google.com'),
  (61,'nec.diam@google.com'),
  (62,'posuere.enim.nisl@google.com'),
  (63,'at@google.com'),
  (64,'pretium.et@google.com'),
  (65,'blandit.at@google.com'),
  (66,'mattis.velit@google.com'),
  (67,'mauris.ut@google.com'),
  (68,'mauris@google.com'),
  (69,'tempor@google.com'),
  (70,'pede.cum.sociis@google.com'),
  (71,'elit.a.feugiat@google.com'),
  (72,'accumsan.laoreet@google.com'),
  (73,'cras.vehicula@google.com'),
  (74,'malesuada.fames@google.com'),
  (75,'et@google.com'),
  (76,'erat@google.com'),
  (77,'amet@google.com'),
  (78,'auctor.ullamcorper.nisl@google.com'),
  (79,'eget.tincidunt.dui@google.com'),
  (80,'mauris.blandit@google.com'),
  (81,'posuere.enim@google.com'),
  (82,'tempus.risus.donec@google.com'),
  (83,'ante@google.com'),
  (84,'purus@google.com'),
  (85,'natoque.penatibus.et@google.com'),
  (86,'vel.lectus@google.com'),
  (87,'vel.est@google.com'),
  (88,'vel@google.com'),
  (89,'suspendisse.sed@google.com'),
  (90,'magna.ut@google.com'),
  (91,'nunc.mauris.sapien@google.com'),
  (92,'molestie@google.com'),
  (93,'eget@google.com'),
  (94,'amet.consectetuer@google.com'),
  (95,'tellus@google.com'),
  (96,'cras.dolor@google.com'),
  (97,'proin.vel@google.com'),
  (98,'parturient@google.com'),
  (99,'neque.sed@google.com'),
  (100,'quisque.ornare@google.com'),
  (101,'ligula.elit.pretium@google.com'),
  (102,'blandit.nam@google.com'),
  (103,'neque.sed.dictum@google.com'),
  (104,'gravida.non.sollicitudin@google.com'),
  (105,'odio.nam@google.com'),
  (106,'dui.cras@google.com'),
  (107,'blandit.enim.consequat@google.com'),
  (108,'lobortis.risus@google.com'),
  (109,'iaculis@google.com'),
  (110,'sodales.at@google.com'),
  (111,'arcu@google.com'),
  (112,'adipiscing.elit@google.com'),
  (113,'eu@google.com'),
  (114,'elementum.sem@google.com'),
  (115,'vel.arcu@google.com'),
  (116,'pharetra.nam.ac@google.com'),
  (117,'nulla@google.com'),
  (118,'suspendisse.tristique.neque@google.com'),
  (119,'morbi.tristique.senectus@google.com'),
  (120,'turpis.non@google.com'),
  (121,'libero.proin@google.com'),
  (122,'enim@google.com'),
  (123,'sapien.aenean@google.com'),
  (124,'semper.erat@google.com'),
  (125,'nascetur.ridiculus@google.com'),
  (126,'ut.odio.vel@google.com'),
  (127,'in.dolor@google.com'),
  (128,'consequat.enim.diam@google.com'),
  (129,'vestibulum.nec@google.com'),
  (130,'magna.tellus@google.com'),
  (131,'duis.risus@google.com'),
  (132,'etiam.ligula@google.com'),
  (133,'erat.volutpat@google.com'),
  (134,'sed@google.com'),
  (135,'nulla.facilisis.suspendisse@google.com'),
  (136,'metus.in@google.com'),
  (137,'vulputate.ullamcorper@google.com'),
  (138,'convallis.est@google.com'),
  (139,'ipsum.donec@google.com'),
  (140,'nec@google.com'),
  (141,'nec.cursus@google.com'),
  (142,'donec.luctus@google.com'),
  (143,'gravida.aliquam@google.com'),
  (144,'consectetuer.rhoncus@google.com'),
  (145,'urna.vivamus@google.com'),
  (146,'cum@google.com'),
  (147,'proin.sed.turpis@google.com'),
  (148,'enim.nunc@google.com'),
  (149,'proin.nisl.sem@google.com'),
  (150,'volutpat.nulla@google.com'),
  (151,'quis@google.com'),
  (152,'cras.dictum.ultricies@google.com'),
  (153,'mauris.aliquam@google.com'),
  (154,'mi.fringilla@google.com'),
  (155,'sem.nulla@google.com'),
  (156,'ac.mattis@google.com'),
  (157,'ornare@google.com'),
  (158,'facilisis.facilisis@google.com'),
  (159,'scelerisque.sed@google.com'),
  (160,'sed.dui.fusce@google.com'),
  (161,'id.sapien@google.com'),
  (162,'urna.nec@google.com'),
  (163,'lectus@google.com'),
  (164,'ante.lectus.convallis@google.com'),
  (165,'non@google.com'),
  (166,'eget.metus@google.com'),
  (167,'interdum.sed@google.com'),
  (168,'vivamus.rhoncus.donec@google.com'),
  (169,'aliquam.erat@google.com'),
  (170,'senectus.et@google.com'),
  (171,'aliquam@google.com'),
  (172,'sit.amet.orci@google.com'),
  (173,'urna@google.com'),
  (174,'ut.pellentesque@google.com'),
  (175,'libero@google.com'),
  (176,'a@google.com'),
  (177,'ornare.tortor@google.com'),
  (178,'neque.sed@google.com'),
  (179,'dictum.magna@google.com'),
  (180,'aliquet.phasellus@google.com'),
  (181,'egestas.hendrerit@google.com'),
  (182,'scelerisque.lorem@google.com'),
  (183,'ridiculus@google.com'),
  (184,'vulputate.nisi.sem@google.com'),
  (185,'erat@google.com'),
  (186,'erat@google.com'),
  (187,'quam.quis@google.com'),
  (188,'mattis@google.com'),
  (189,'auctor.velit.eget@google.com'),
  (190,'in.faucibus@google.com'),
  (191,'dui.cum.sociis@google.com'),
  (192,'a.enim@google.com'),
  (193,'urna.vivamus.molestie@google.com'),
  (194,'lorem@google.com'),
  (195,'et.ipsum@google.com'),
  (196,'natoque.penatibus@google.com'),
  (197,'feugiat.tellus.lorem@google.com'),
  (198,'in.lorem@google.com'),
  (199,'vivamus.euismod.urna@google.com'),
  (200,'libero.proin.mi@google.com'),
  (201,'ultricies.dignissim.lacus@google.com'),
  (202,'quis.pede.praesent@google.com'),
  (203,'elit.etiam@google.com'),
  (204,'scelerisque.neque@google.com'),
  (205,'sem.eget@google.com'),
  (206,'malesuada@google.com'),
  (207,'tincidunt.donec@google.com'),
  (208,'eu@google.com'),
  (209,'tempor@google.com'),
  (210,'eget.laoreet@google.com'),
  (211,'arcu.sed.eu@google.com'),
  (212,'magna.suspendisse.tristique@google.com'),
  (213,'elit@google.com'),
  (214,'id.ante.nunc@google.com'),
  (215,'laoreet.posuere.enim@google.com'),
  (216,'lorem@google.com'),
  (217,'quisque.fringilla.euismod@google.com'),
  (218,'mi.lorem@google.com'),
  (219,'parturient@google.com'),
  (220,'a.scelerisque@google.com'),
  (221,'orci@google.com'),
  (222,'congue.a@google.com'),
  (223,'imperdiet.non@google.com'),
  (224,'pede@google.com'),
  (225,'feugiat.non@google.com'),
  (226,'dui.suspendisse.ac@google.com'),
  (227,'erat.volutpat@google.com'),
  (228,'vel@google.com'),
  (229,'id.ante@google.com'),
  (230,'lorem.luctus@google.com'),
  (231,'per.conubia@google.com'),
  (232,'neque.et.nunc@google.com'),
  (233,'amet.consectetuer@google.com'),
  (234,'ornare.sagittis.felis@google.com'),
  (235,'vulputate.nisi@google.com'),
  (236,'dapibus.ligula@google.com'),
  (237,'tellus.eu.augue@google.com'),
  (238,'eget@google.com'),
  (239,'sit.amet@google.com'),
  (240,'non.dapibus@google.com'),
  (241,'mattis.cras@google.com'),
  (242,'in.lobortis.tellus@google.com'),
  (243,'felis.orci.adipiscing@google.com'),
  (244,'mus.proin@google.com'),
  (245,'lorem.ipsum@google.com'),
  (246,'ac.turpis.egestas@google.com'),
  (247,'justo.proin@google.com'),
  (248,'etiam@google.com'),
  (249,'non.ante.bibendum@google.com'),
  (250,'auctor.ullamcorper.nisl@google.com'),
  (251,'semper.egestas.urna@google.com'),
  (252,'imperdiet.non@google.com'),
  (253,'montes.nascetur@google.com'),
  (254,'arcu.vestibulum@google.com'),
  (255,'dictum.phasellus@google.com'),
  (256,'non.vestibulum@google.com'),
  (257,'ipsum.ac@google.com'),
  (258,'fusce.diam@google.com'),
  (259,'blandit.nam@google.com'),
  (260,'nunc.lectus@google.com'),
  (261,'amet.consectetuer@google.com'),
  (262,'nunc@google.com'),
  (263,'neque.sed@google.com'),
  (264,'sed.nunc.est@google.com'),
  (265,'proin.velit@google.com'),
  (266,'nec.orci.donec@google.com'),
  (267,'pellentesque.eget@google.com'),
  (268,'rutrum.magna@google.com'),
  (269,'egestas@google.com'),
  (270,'sit@google.com'),
  (271,'eget.tincidunt@google.com'),
  (272,'maecenas.libero@google.com'),
  (273,'pede.et@google.com'),
  (274,'consectetuer.adipiscing.elit@google.com'),
  (275,'proin.nisl@google.com'),
  (276,'curabitur.sed@google.com'),
  (277,'egestas.sed.pharetra@google.com'),
  (278,'nec.cursus.a@google.com'),
  (279,'aliquam.ornare@google.com'),
  (280,'metus.facilisis@google.com'),
  (281,'enim.commodo.hendrerit@google.com'),
  (282,'enim.mi.tempor@google.com'),
  (283,'bibendum.ullamcorper@google.com'),
  (284,'lectus.pede@google.com'),
  (285,'odio.sagittis@google.com'),
  (286,'quis@google.com'),
  (287,'dictum.cursus@google.com'),
  (288,'nunc.interdum@google.com'),
  (289,'varius.ultrices@google.com'),
  (290,'faucibus.lectus@google.com'),
  (291,'ut.tincidunt.vehicula@google.com'),
  (292,'proin.vel@google.com'),
  (293,'pellentesque.massa.lobortis@google.com'),
  (294,'pellentesque.massa@google.com'),
  (295,'tortor@google.com'),
  (296,'id.nunc.interdum@google.com'),
  (297,'lobortis@google.com'),
  (298,'ultrices.duis@google.com'),
  (299,'vehicula.aliquet@google.com'),
  (300,'quisque.ornare.tortor@google.com');



/*Make first 150 students*/
INSERT INTO student (person_id, accepted)
VALUES
  (1,'0'),
  (2,'0'),
  (3,'1'),
  (4,'1'),
  (5,'0'),
  (6,'1'),
  (7,'1'),
  (8,'0'),
  (9,'1'),
  (10,'0'),
  (11,'0'),
  (12,'0'),
  (13,'0'),
  (14,'0'),
  (15,'1'),
  (16,'0'),
  (17,'1'),
  (18,'0'),
  (19,'0'),
  (20,'1'),
  (21,'0'),
  (22,'0'),
  (23,'0'),
  (24,'1'),
  (25,'1'),
  (26,'1'),
  (27,'0'),
  (28,'1'),
  (29,'0'),
  (30,'0'),
  (31,'1'),
  (32,'0'),
  (33,'1'),
  (34,'0'),
  (35,'1'),
  (36,'1'),
  (37,'1'),
  (38,'1'),
  (39,'1'),
  (40,'1'),
  (41,'0'),
  (42,'1'),
  (43,'0'),
  (44,'0'),
  (45,'1'),
  (46,'1'),
  (47,'0'),
  (48,'1'),
  (49,'1'),
  (50,'1'),
  (51,'0'),
  (52,'1'),
  (53,'1'),
  (54,'1'),
  (55,'0'),
  (56,'0'),
  (57,'0'),
  (58,'1'),
  (59,'0'),
  (60,'0'),
  (61,'1'),
  (62,'0'),
  (63,'1'),
  (64,'0'),
  (65,'1'),
  (66,'1'),
  (67,'1'),
  (68,'1'),
  (69,'1'),
  (70,'0'),
  (71,'0'),
  (72,'1'),
  (73,'1'),
  (74,'0'),
  (75,'0'),
  (76,'0'),
  (77,'1'),
  (78,'0'),
  (79,'0'),
  (80,'1'),
  (81,'0'),
  (82,'1'),
  (83,'1'),
  (84,'1'),
  (85,'1'),
  (86,'0'),
  (87,'1'),
  (88,'1'),
  (89,'0'),
  (90,'0'),
  (91,'0'),
  (92,'1'),
  (93,'1'),
  (94,'1'),
  (95,'0'),
  (96,'0'),
  (97,'1'),
  (98,'0'),
  (99,'0'),
  (100,'0'),
  (101,'0'),
  (102,'0'),
  (103,'1'),
  (104,'0'),
  (105,'0'),
  (106,'0'),
  (107,'0'),
  (108,'0'),
  (109,'0'),
  (110,'0'),
  (111,'0'),
  (112,'1'),
  (113,'1'),
  (114,'1'),
  (115,'0'),
  (116,'0'),
  (117,'0'),
  (118,'0'),
  (119,'0'),
  (120,'1'),
  (121,'0'),
  (122,'0'),
  (123,'0'),
  (124,'0'),
  (125,'0'),
  (126,'1'),
  (127,'1'),
  (128,'1'),
  (129,'1'),
  (130,'0'),
  (131,'1'),
  (132,'0'),
  (133,'1'),
  (134,'0'),
  (135,'0'),
  (136,'1'),
  (137,'1'),
  (138,'0'),
  (139,'0'),
  (140,'1'),
  (141,'0'),
  (142,'1'),
  (143,'1'),
  (144,'0'),
  (145,'0'),
  (146,'0'),
  (147,'0'),
  (148,'0'),
  (149,'0'),
  (150,'1');


/*Make next 50 instructors*/
INSERT INTO instructor (person_id,can_teach_ensembles)
VALUES
  (151,'1'),
  (152,'1'),
  (153,'1'),
  (154,'0'),
  (155,'0'),
  (156,'1'),
  (157,'0'),
  (158,'1'),
  (159,'1'),
  (160,'0'),
  (161,'1'),
  (162,'1'),
  (163,'0'),
  (164,'1'),
  (165,'1'),
  (166,'1'),
  (167,'0'),
  (168,'0'),
  (169,'0'),
  (170,'0'),
  (171,'0'),
  (172,'1'),
  (173,'1'),
  (174,'1'),
  (175,'1'),
  (176,'1'),
  (177,'1'),
  (178,'1'),
  (179,'1'),
  (180,'1'),
  (181,'1'),
  (182,'1'),
  (183,'1'),
  (184,'1'),
  (185,'1'),
  (186,'1'),
  (187,'1'),
  (188,'1'),
  (189,'1'),
  (190,'1'),
  (191,'1'),
  (192,'1'),
  (193,'1'),
  (194,'1'),
  (195,'1'),
  (196,'1'),
  (197,'1'),
  (198,'1'),
  (199,'1'),
  (200,'1');
/*Link the 150 students to the next 100 persons as contact persons*/
INSERT INTO student_contact_person (person_id,student_id)
VALUES
  (201,1),
  (202,2),
  (203,3),
  (204,4),
  (205,5),
  (206,6),
  (207,7),
  (208,8),
  (209,9),
  (210,10),
  (211,11),
  (212,12),
  (213,13),
  (214,14),
  (215,15),
  (216,16),
  (217,17),
  (218,18),
  (219,19),
  (220,20),
  (221,21),
  (222,22),
  (223,23),
  (224,24),
  (225,25),
  (226,26),
  (227,27),
  (228,28),
  (229,29),
  (230,30),
  (231,31),
  (232,32),
  (233,33),
  (234,34),
  (235,35),
  (236,36),
  (237,37),
  (238,38),
  (239,39),
  (240,40),
  (241,41),
  (242,42),
  (243,43),
  (244,44),
  (245,45),
  (246,46),
  (247,47),
  (248,48),
  (249,49),
  (250,50),
  (251,51),
  (252,52),
  (253,53),
  (254,54),
  (255,55),
  (256,56),
  (257,57),
  (258,58),
  (259,59),
  (260,60),
  (261,61),
  (262,62),
  (263,63),
  (264,64),
  (265,65),
  (266,66),
  (267,67),
  (268,68),
  (269,69),
  (270,70),
  (271,71),
  (272,72),
  (273,73),
  (274,74),
  (275,75),
  (276,76),
  (277,77),
  (278,78),
  (279,79),
  (280,80),
  (281,81),
  (282,82),
  (283,83),
  (284,84),
  (285,85),
  (286,86),
  (287,87),
  (288,88),
  (289,89),
  (290,90),
  (291,91),
  (292,92),
  (293,93),
  (294,94),
  (295,95),
  (296,96),
  (297,97),
  (298,98),
  (299,99),
  (300,100),
  (250,101),
  (251,102),
  (252,103),
  (253,104),
  (254,105),
  (255,106),
  (256,107),
  (257,108),
  (258,109),
  (259,110),
  (260,111),
  (261,112),
  (262,113),
  (263,114),
  (264,115),
  (265,116),
  (266,117),
  (267,118),
  (268,119),
  (269,120),
  (270,121),
  (271,122),
  (272,123),
  (273,124),
  (274,125),
  (275,126),
  (276,127),
  (277,128),
  (278,129),
  (279,130),
  (280,131),
  (281,132),
  (282,133),
  (283,134),
  (284,135),
  (285,136),
  (286,137),
  (287,138),
  (288,139),
  (289,140),
  (290,141),
  (291,142),
  (292,143),
  (293,144),
  (294,145),
  (295,146),
  (296,147),
  (297,148),
  (298,149),
  (299,150);

/*Insert siblings*/
INSERT INTO student_sibling(student_id, sibling_id) VALUES
  /*Two sibling*/
  (1, 150),
  (1, 149),
  (150, 1),
  (149, 1),
  (150, 149),
  (149, 150),

  (2, 148),
  (2, 147),
  (148, 2),
  (147, 2),
  (148, 147),
  (147, 148),

  (3, 146),
  (3, 145),
  (146, 3),
  (145, 3),
  (146, 145),
  (145, 146),

  /*One sibling*/
  (4, 140),
  (140, 4),

  (139, 5),
  (5, 139),

  (138, 6),
  (6, 138),

  (137, 7),
  (7, 137),

  (8, 136),
  (8, 135),
  (8, 134),
  (136, 8),
  (135, 8),
  (134, 8),
  (136, 135),
  (135, 136),
  (136, 134),
  (134, 136),
  (134, 135),
  (135, 134);

  /*Fix all enums*/

INSERT INTO instrument(instrument) VALUES
('Violin'),
('Guitar'),
('Cello'),
('Harp'),
('Veena'),
('Viola'),
('Mandolin'),
('Piano'),
('Drums');

INSERT INTO skill_level(skill_level) VALUES
('Beginner'),
('Intermediate'),
('Advanced');

INSERT INTO genre(genre) VALUES
('Blues'),
('Country'),
('Electronic'),
('Jazz'),
('Hip Hop'),
('Pop'),
('Rock');

INSERT INTO lesson_type(type) VALUES
('Individual'),
('Group'),
('Ensemble');


/*Insert student skills*/
INSERT INTO current_skill (student_id,skill_level_id,instrument_id)
VALUES
  (1,3,4),
  (2,1,1),
  (3,2,3),
  (4,3,3),
  (5,2,2),
  (6,2,7),
  (7,3,7),
  (8,1,8),
  (9,3,7),
  (10,1,7),
  (11,1,1),
  (12,2,2),
  (13,2,1),
  (14,3,2),
  (15,2,1),
  (16,2,8),
  (17,1,2),
  (18,2,2),
  (19,1,6),
  (20,1,8),
  (21,1,3),
  (22,3,2),
  (23,3,7),
  (24,3,5),
  (25,2,5),
  (26,1,5),
  (27,2,8),
  (28,2,8),
  (29,1,8),
  (30,2,3),
  (31,2,8),
  (32,3,6),
  (33,1,5),
  (34,2,4),
  (35,2,8),
  (36,2,6),
  (37,1,1),
  (38,3,6),
  (39,2,5),
  (40,2,7),
  (41,3,4),
  (42,2,1),
  (43,2,2),
  (44,3,7),
  (45,3,9),
  (46,3,6),
  (47,3,7),
  (48,2,8),
  (49,2,6),
  (50,2,4),
  (51,3,9),
  (52,2,2),
  (53,2,7),
  (54,1,3),
  (55,3,6),
  (56,1,4),
  (57,1,1),
  (58,2,7),
  (59,2,8),
  (60,3,4),
  (61,1,7),
  (62,2,4),
  (63,2,4),
  (64,3,6),
  (65,2,2),
  (66,3,4),
  (67,1,5),
  (68,2,4),
  (69,2,3),
  (70,2,4),
  (71,1,3),
  (72,2,9),
  (73,2,7),
  (74,1,4),
  (75,2,4),
  (76,1,3),
  (77,2,4),
  (78,1,1),
  (79,2,3),
  (80,2,7),
  (81,3,2),
  (82,3,1),
  (83,1,5),
  (84,2,6),
  (85,1,7),
  (86,2,6),
  (87,2,5),
  (88,1,1),
  (89,3,3),
  (90,1,1),
  (91,2,6),
  (92,2,7),
  (93,2,2),
  (94,2,6),
  (95,1,6),
  (96,2,3),
  (97,2,8),
  (98,2,4),
  (99,2,7),
  (100,2,9),
  (101,3,4),
  (102,3,5),
  (103,2,5),
  (104,2,2),
  (105,3,6),
  (106,1,4),
  (107,2,3),
  (108,2,5),
  (109,2,8),
  (110,3,4),
  (111,2,2),
  (112,1,2),
  (113,3,7),
  (114,2,2),
  (115,1,8),
  (116,2,2),
  (117,2,4),
  (118,3,2),
  (119,2,1),
  (120,3,8),
  (121,1,4),
  (122,3,2),
  (123,2,6),
  (124,2,9),
  (125,2,2),
  (126,2,8),
  (127,1,4),
  (128,1,4),
  (129,2,6),
  (130,2,3),
  (131,3,3),
  (132,2,9),
  (133,3,5),
  (134,1,7),
  (135,1,7),
  (136,1,3),
  (137,2,8),
  (138,2,1),
  (139,2,9),
  (140,1,6),
  (141,2,8),
  (142,3,2),
  (143,1,6),
  (144,2,5),
  (145,2,6),
  (146,2,5),
  (147,1,3),
  (148,2,5),
  (149,2,3),
  (150,3,1);

/*Insert instructor_instrument*/
INSERT INTO instructor_instrument (instructor_id,instrument_id)
VALUES
  (1,2),
  (2,8),
  (3,6),
  (4,5),
  (5,2),
  (6,4),
  (7,3),
  (8,6),
  (9,2),
  (10,2),
  (11,5),
  (12,3),
  (13,1),
  (14,5),
  (15,2),
  (16,6),
  (17,3),
  (18,1),
  (19,8),
  (20,2),
  (21,8),
  (22,2),
  (23,2),
  (24,9),
  (25,3),
  (26,7),
  (27,1),
  (28,2),
  (29,9),
  (30,9),
  (31,8),
  (32,8),
  (33,7),
  (34,8),
  (35,5),
  (36,3),
  (37,6),
  (38,4),
  (39,8),
  (40,7),
  (41,3),
  (42,8),
  (43,9),
  (44,8),
  (45,7),
  (46,4),
  (47,4),
  (48,6),
  (49,5),
  (50,7);

/*Insert 3 rentals*/
INSERT INTO rental (student_id,home_delivery,start_date,end_date)
VALUES
  (76,'1','2022-05-28','2022-06-24'),
  (27,'0','2022-03-07','2022-08-16'),
  (128,'1','2022-03-20','2022-10-07');


/*Insert instrument_in_stock*/
INSERT INTO instrument_in_stock (instrument_id,brand,price,rental_id)
VALUES
  (9,'YAMAHA',613,1),
  (3,'YAMAHA',726,2),
  (7,'YAMAHA',1245,3),
  (5,'YAMAHA',892,NULL),
  (2,'YAMAHA',1304,NULL),
  (7,'YAMAHA',1322,NULL),
  (4,'YAMAHA',1257,NULL),
  (6,'YAMAHA',730,NULL),
  (2,'YAMAHA',1064,NULL),
  (5,'YAMAHA',686,NULL);


/*Insert different lesson prices*/

INSERT INTO lesson_price(sibiling_discount, instructor_pay, price, lesson_type_id, skill_level_id) VALUES
/*Individual*/
(0.75, 1000, 1200, 1, 1),
(0.75, 1000, 1200, 1, 2),
(0.75, 1500, 1700, 1, 3),
/*Group*/
(0.75, 800, 1000, 2, 1),
(0.75, 800, 1000, 2, 2),
(0.75, 1300, 1500, 2, 3),
/*Ensemble*/
(0.75, 2000, 2500, 3, NULL);

/*Insert 50 different time slots*/
INSERT INTO time_slot (start_time,end_time,date) VALUES
  ('10:00:00','14:00:00','2023-02-23'),
  ('11:00:00','16:00:00','2023-10-25'),
  ('08:00:00','13:00:00','2023-09-18'),
  ('10:00:00','14:00:00','2023-09-06'),
  ('09:00:00','16:00:00','2023-03-27'),
  ('12:00:00','15:00:00','2023-12-24'),
  ('12:00:00','13:00:00','2023-09-21'),
  ('10:00:00','16:00:00','2023-06-06'),
  ('12:00:00','15:00:00','2023-05-11'),
  ('11:00:00','15:00:00','2023-08-18'),
  ('10:00:00','16:00:00','2023-04-26'),
  ('12:00:00','13:00:00','2023-04-07'),
  ('09:00:00','15:00:00','2023-10-01'),
  ('09:00:00','13:00:00','2023-09-22'),
  ('12:00:00','14:00:00','2023-04-04'),
  ('10:00:00','16:00:00','2023-06-08'),
  ('08:00:00','15:00:00','2023-08-19'),
  ('08:00:00','14:00:00','2023-06-22'),
  ('09:00:00','13:00:00','2023-04-02'),
  ('09:00:00','16:00:00','2023-08-22'),
  ('12:00:00','15:00:00','2023-09-30'),
  ('10:00:00','15:00:00','2023-01-05'),
  ('09:00:00','14:00:00','2023-09-10'),
  ('11:00:00','15:00:00','2023-03-10'),
  ('08:00:00','15:00:00','2023-10-06'),

  ('11:00:00','13:00:00','2023-06-01'),
  ('10:00:00','13:00:00','2023-12-30'),
  ('12:00:00','14:00:00','2023-01-21'),
  ('08:00:00','16:00:00','2023-09-25'),
  ('12:00:00','16:00:00','2023-10-14'),
  ('08:00:00','14:00:00','2023-04-06'),
  ('10:00:00','13:00:00','2023-07-20'),
  ('08:00:00','13:00:00','2023-01-25'),
  ('11:00:00','16:00:00','2023-07-03'),
  ('09:00:00','16:00:00','2023-12-20'),
  ('11:00:00','13:00:00','2023-12-23'),
  ('11:00:00','15:00:00','2023-01-28'),
  ('09:00:00','15:00:00','2023-10-06'),
  ('08:00:00','14:00:00','2023-09-23'),
  ('09:00:00','13:00:00','2023-09-06'),
  ('08:00:00','16:00:00','2023-01-02'),
  ('08:00:00','15:00:00','2023-11-03'),
  ('09:00:00','16:00:00','2023-02-20'),
  ('08:00:00','15:00:00','2023-05-17'),
  ('11:00:00','13:00:00','2023-02-20'),
  ('10:00:00','15:00:00','2023-12-25'),
  ('12:00:00','16:00:00','2023-10-04'),
  ('10:00:00','16:00:00','2023-10-08'),
  ('11:00:00','15:00:00','2023-09-13'),
  ('10:00:00','14:00:00','2023-11-14'),
  
  ('10:00:00','15:00:00','2023-04-02'),
  ('10:00:00','16:00:00','2023-06-14'),
  ('08:00:00','14:00:00','2023-10-27'),
  ('10:00:00','13:00:00','2023-12-17'),
  ('09:00:00','16:00:00','2023-01-16'),
  ('11:00:00','15:00:00','2023-11-05'),
  ('08:00:00','13:00:00','2023-06-16'),
  ('10:00:00','14:00:00','2023-05-14'),
  ('08:00:00','16:00:00','2023-12-04'),
  ('10:00:00','16:00:00','2023-11-05'),
  ('09:00:00','16:00:00','2023-03-02'),
  ('09:00:00','14:00:00','2023-10-02'),
  ('08:00:00','16:00:00','2023-01-23'),
  ('08:00:00','13:00:00','2023-03-06'),
  ('10:00:00','13:00:00','2023-12-22'),
  ('08:00:00','15:00:00','2023-08-11'),
  ('10:00:00','14:00:00','2023-08-08'),
  ('08:00:00','14:00:00','2023-06-17'),
  ('08:00:00','14:00:00','2023-03-03'),
  ('09:00:00','15:00:00','2023-01-18'),
  ('09:00:00','16:00:00','2023-05-09'),
  ('08:00:00','15:00:00','2023-02-26'),
  ('08:00:00','14:00:00','2023-10-07'),
  ('09:00:00','16:00:00','2023-01-30'),
  ('10:00:00','13:00:00','2023-01-15');

/*Insert 25 group lessons on 25 first time slots*/
INSERT INTO group_lesson (instructor_id,skill_level_id,lesson_price_id,instrument_id,number_of_places,min_students,time_slot_id) VALUES
  (3,2,5,3,5,2,1),
  (9,2,5,6,5,2,2),
  (34,2,5,4,5,2,3),
  (29,2,5,1,5,2,4), /*1 - 4 2 - 5 3 - 6*/
  (47,3,6,8,5,2,5),
  (32,2,5,8,5,2,6),
  (42,2,5,6,5,2,7),
  (5,2,5,9,5,2,8),
  (25,1,4,1,5,2,9),
  (42,2,5,8,5,2,10),
  (43,3,6,4,5,2,11),
  (21,2,5,2,5,2,12),
  (23,2,5,6,5,2,13),
  (40,3,6,4,5,2,14),
  (44,2,5,7,5,2,15),
  (38,3,6,6,5,2,16),
  (13,3,6,4,5,2,17),
  (47,3,6,8,5,2,18),
  (19,2,5,3,5,2,19),
  (39,1,4,6,5,2,20),
  (47,1,4,7,5,2,21),
  (44,1,4,4,5,2,22),
  (27,1,4,7,5,2,23),
  (38,2,5,7,5,2,24),
  (24,1,4,4,5,2,25);

/*Insert 25 ensembles*/ 
INSERT INTO ensemble (instructor_id,genre_id,lesson_price_id,number_of_places,min_students,time_slot_id) VALUES
  (46,4,7,5,2,26),
  (36,5,7,5,2,27),
  (39,6,7,5,2,28),
  (40,4,7,5,2,29),
  (48,1,7,5,2,30),
  (39,5,7,5,2,31),
  (41,4,7,5,2,32),
  (50,5,7,5,2,33),
  (29,5,7,5,2,34),
  (35,7,7,5,2,35),
  (44,2,7,5,2,36),
  (38,5,7,5,2,37),
  (46,5,7,5,2,38),
  (32,5,7,5,2,39),
  (42,7,7,5,2,40),
  (31,5,7,5,2,41),
  (31,3,7,5,2,42),
  (38,6,7,5,2,43),
  (29,1,7,5,2,44),
  (27,1,7,5,2,45),
  (42,3,7,5,2,46),
  (50,4,7,5,2,47),
  (35,6,7,5,2,48),
  (37,7,7,5,2,49),
  (40,4,7,5,2,50);

/*Insert 25 individual lessons with instructors 1 - 3 - 5 -...*/
INSERT INTO individual_lesson (instructor_id,student_id,lesson_price_id,skill_level_id,instrument_id, time_slot_id) VALUES
  (1,138,2,2,7,51),
  (3,62,3,3,5,52),
  (5,62,2,2,8,53),
  (7,55,2,2,7,54),
  (9,123,1,1,2,55),
  (11,29,2,2,7,56),
  (13,138,2,2,7,57),
  (15,138,1,1,2,58),
  (17,150,2,2,4,59),
  (19,32,2,2,3,60),
  (21,33,2,2,6,61),
  (23,89,2,2,4,62),
  (25,140,2,2,2,63),
  (27,132,3,3,7,64),
  (29,37,1,1,8,65),
  (31,91,2,2,2,66),
  (33,59,2,2,8,67),
  (35,15,1,1,8,68),
  (37,75,2,2,4,69),
  (39,101,3,3,5,70),
  (41,22,2,2,4,71),
  (43,81,1,1,4,72),
  (45,66,1,1,8,73),
  (47,37,2,2,7,74),
  (49,130,3,3,3,75);

/*Connect students to group lessons*/
  INSERT INTO student_in_group_lesson (student_id,group_lesson_id) VALUES
  (1,1),
  (2,1),
  (3,1),
  (4,1),
  (5,2),
  (6,2),
  (7,2),
  (8,2),
  (9,3),
  (10,3),
  (11,3),
  (12,3),
  (13,4),
  (14,4),
  (15,4),
  (16,4),
  (17,5),
  (18,5),
  (19,5),
  (20,5),
  (21,6),
  (22,6),
  (23,6),
  (24,6),
  (25,7),
  (26,7),
  (27,7),
  (28,7),
  (29,8),
  (30,8),
  (31,8),
  (32,8),
  (33,9),
  (34,9),
  (35,9),
  (36,9),
  (37,10),
  (38,10),
  (39,10),
  (40,10),
  (41,11),
  (42,11),
  (43,11),
  (44,11),
  (45,12),
  (46,12),
  (47,12),
  (48,12),
  (49,13),
  (50,13),
  (51,13),
  (52,13),
  (53,14),
  (54,14),
  (55,14),
  (56,14),
  (57,15),
  (58,15),
  (59,15),
  (60,15),
  (61,16),
  (62,16),
  (63,16),
  (64,16),
  (65,17),
  (66,17),
  (67,17),
  (68,17),
  (69,18),
  (70,18),
  (71,18),
  (72,18),
  (73,19),
  (74,19),
  (75,19),
  (76,19),
  (77,20),
  (78,20),
  (79,20),
  (80,20),
  (81,21),
  (82,21),
  (83,21),
  (84,21),
  (85,22),
  (86,22),
  (87,22),
  (88,22),
  (89,23),
  (90,23),
  (91,23),
  (92,23),
  (93,24),
  (94,24),
  (95,24),
  (96,24),
  (97,25),
  (98,25),
  (99,25),
  (100,25);

  /*Connect students to ensembles*/
  INSERT INTO student_in_ensemble (student_id,ensemble_id) VALUES
  (50,1),
  (51,1),
  (52,1),
  (53,1),
  (54,2),
  (55,2),
  (56,2),
  (57,2),
  (58,3),
  (59,3),
  (60,3),
  (61,3),
  (62,4),
  (63,4),
  (64,4),
  (65,4),
  (66,5),
  (67,5),
  (68,5),
  (69,5),
  (70,6),
  (71,6),
  (72,6),
  (73,6),
  (74,7),
  (75,7),
  (76,7),
  (77,7),
  (78,8),
  (79,8),
  (80,8),
  (81,8),
  (82,9),
  (83,9),
  (84,9),
  (85,9),
  (86,10),
  (87,10),
  (88,10),
  (89,10),
  (90,11),
  (91,11),
  (92,11),
  (93,11),
  (94,12),
  (95,12),
  (96,12),
  (97,12),
  (98,13),
  (99,13),
  (100,13),
  (101,13),
  (102,14),
  (103,14),
  (104,14),
  (105,14),
  (106,15),
  (107,15),
  (108,15),
  (109,15),
  (110,16),
  (111,16),
  (112,16),
  (113,16),
  (114,17),
  (115,17),
  (116,17),
  (117,17),
  (118,18),
  (119,18),
  (120,18),
  (121,18),
  (122,19),
  (123,19),
  (124,19),
  (125,19),
  (126,20),
  (127,20),
  (128,20),
  (129,20),
  (130,21),
  (131,21),
  (132,21),
  (133,21),
  (134,22),
  (135,22),
  (136,22),
  (137,22),
  (138,23),
  (139,23),
  (140,23),
  (141,23),
  (142,24),
  (143,24),
  (144,24),
  (145,24),
  (146,25),
  (147,25),
  (148,25),
  (149,25);
